url,aspect
https://forums.hardwarezone.com.sg/threads/how-can-you-be-born-gay.6752373/,gay
https://forums.hardwarezone.com.sg/threads/when-interviewing-how-to-find-out-if-the-person-is-gay.6679181/page-2,gay
https://forums.hardwarezone.com.sg/threads/tan-kin-lian-says-being-gay-is-natural.6942045/,gay
https://forums.hardwarezone.com.sg/threads/gpgt-spa-day-with-edmwer-on-his-birthday-kym.6649844/page-4,gay
https://forums.hardwarezone.com.sg/threads/will-you-become-gay-after-being-single-for-too-long.6990477/,gay
https://forums.hardwarezone.com.sg/threads/joanna-theng-says-gay-pride-is-satans-influence.6342982/page-17,gay
https://forums.hardwarezone.com.sg/threads/anyone-watched-this-taiwanese-gay-movie.6394858/,gay
https://forums.hardwarezone.com.sg/threads/my-guide-to-spotting-gays-in-public.6647744/page-5,gay
https://forums.hardwarezone.com.sg/threads/just-now-for-the-gay-incident-i-kena-i-went-to-the-npc-the-officer-said.6806724/,gay
https://forums.hardwarezone.com.sg/threads/gpgt-masterchef-singapore-winner-jonathan-chew-tio-exposed.6774308/page-6,gay
https://forums.hardwarezone.com.sg/threads/gay-is-born-with-it-or-become-gay.6871486/,gay
https://forums.hardwarezone.com.sg/threads/gay-question-for-my-friend-poker-and-pokee.6519806/,gay
https://forums.hardwarezone.com.sg/threads/anyone-watched-this-taiwanese-gay-movie.6394858/page-7,gay
https://forums.hardwarezone.com.sg/threads/viral-wa-message-allegations-on-oppo-candidates-and-gay-rights.5165786/page-2,gay
https://forums.hardwarezone.com.sg/threads/is-weight-lifting-glove-and-wrist-band-for-gay-only.5718249/,gay
https://forums.hardwarezone.com.sg/threads/my-friend-follow-his-gay-friend-on-insta-but-he-also-follow-his-bf.6461635/,gay
https://forums.hardwarezone.com.sg/threads/why-yall-said-romeo-tan-is-gay.6644961/,gay
https://forums.hardwarezone.com.sg/threads/if-declare-gay-need-to-serve-ns.6728586/,gay
https://forums.hardwarezone.com.sg/threads/how-i-dealt-with-homophobia-in-ns-university-as-a-gay-singaporean.6997852/page-3,gay
https://forums.hardwarezone.com.sg/threads/how-do-you-ensure-that-your-children-dont-turn-out-gay.6941815/page-3,gay
https://forums.hardwarezone.com.sg/threads/how-come-dasmond-koh-so-old-le-never-hear-he-got-girlfriend-or-get-married.6830034/page-2,gay
https://forums.hardwarezone.com.sg/threads/new-superman-is-gay.6619602/page-4,gay
https://forums.hardwarezone.com.sg/threads/tw-allow-gay-couple-to-adopt-little-girl.6673115/page-6,gay
https://forums.hardwarezone.com.sg/threads/issit-okay-for-straight-person-to-enjoy-watching-gay-lesbian-activities.6917644/,gay
https://forums.hardwarezone.com.sg/showthread.php?t=6342982&page=18,gay
https://forums.hardwarezone.com.sg/threads/is-it-gay-if-you-ask-your-girlfriend-to-eat-your.6618463/,gay
https://forums.hardwarezone.com.sg/threads/how-do-u-turn-down-a-gays-advances-tactfully-when-he-is-ur-customer.6392690/page-2,gay
https://forums.hardwarezone.com.sg/threads/how-can-you-be-born-gay.6752373/page-2,gay
https://forums.hardwarezone.com.sg/threads/tw-allow-gay-couple-to-adopt-little-girl.6673115/page-4,gay
https://forums.hardwarezone.com.sg/threads/if-a-gay-teacher-teaches-gays-right-being-gay-is-acceptable-ok-to-be-gay-vs-if-a-straight-teacher-teaches-that-gay-is-not-natural-and-man-woman-is.6784563/,gay
https://forums.hardwarezone.com.sg/threads/do-you-think-it-is-dangerous-for-a-gay-to-adopt-a-son.6480840/page-4,gay
https://forums.hardwarezone.com.sg/threads/would-you-accept-ang-pow-from-your-gay-cousin-and-his-husband.6994835/,gay
https://forums.hardwarezone.com.sg/threads/nostalgic-who-remembers-this-legend-hard-gay.6666603/page-2,gay
https://forums.hardwarezone.com.sg/threads/gay-this-surname-is-chinese-is-what.6678684/page-2,gay
https://forums.hardwarezone.com.sg/threads/gay-vs-les-who-is-more-aggresive-in-lgbt-agenda.6798389/,gay
https://forums.hardwarezone.com.sg/threads/anyone-like-me-dont-have-a-single-gay-friend.6842258/,gay
https://forums.hardwarezone.com.sg/threads/how-will-gay-community-celebrate-tonight.6797699/page-3,gay
https://forums.hardwarezone.com.sg/threads/tw-allow-gay-couple-to-adopt-little-girl.6673115/page-2,gay
https://forums.hardwarezone.com.sg/threads/joanna-theng-says-gay-pride-is-satans-influence.6342982/page-2,gay
https://forums.hardwarezone.com.sg/threads/would-you-rather-have-gay-son-or-lesbian-daughter.6669012/,gay
https://forums.hardwarezone.com.sg/threads/gay-is-born-with-it-or-become-gay.6871486/page-3,gay
https://forums.hardwarezone.com.sg/threads/knn-gay-porn-ad-pop-out-on-youtube-some-amdk-stroking-his-wee-wee.6548608/page-6,gay
https://forums.hardwarezone.com.sg/threads/bye-377a-it-is-finally-legal-to-be-gay-in-singapore.6798305/page-2,gay
https://forums.hardwarezone.com.sg/threads/whats-your-view-on-gay.6797882/page-2,gay
https://forums.hardwarezone.com.sg/threads/have-u-ever-accidentally-discover-that-someone-was-gay-or-kana-discovered.6636039/,gay
https://forums.hardwarezone.com.sg/threads/gay-applies-to-man-only-or-both-man-and-woman.6781945/,gay
https://forums.hardwarezone.com.sg/threads/suddenly-every-mp-got-gay-friend-relative-family-dog-cat-mouse.6842291/,gay
https://forums.hardwarezone.com.sg/threads/how-to-know-if-you-are-gay-psa.6505478/,gay
https://forums.hardwarezone.com.sg/threads/new-superman-is-gay.6619602/page-3,gay
https://forums.hardwarezone.com.sg/threads/no-girl-want-me-even-gay-boy-avoid-me-how-like-that.6659698/page-2,gay
https://forums.hardwarezone.com.sg/threads/how-i-dealt-with-homophobia-in-ns-university-as-a-gay-singaporean.6997852/,gay
https://forums.hardwarezone.com.sg/threads/what-will-you-do-if-your-gay-cousin-brought-his-boyfriend-to-your-house.6450862/page-2,gay
https://forums.hardwarezone.com.sg/threads/im-an-nsf-im-straight.5195297/,gay
https://forums.hardwarezone.com.sg/threads/anyone-still-remember-razor-ramon-aka-hard-gay.6570849/,gay
https://forums.hardwarezone.com.sg/threads/at-what-age-did-you-begin-to-realise-you-might-be-gay.6783112/page-2,gay
https://forums.hardwarezone.com.sg/threads/at-what-age-did-you-begin-to-realise-you-might-be-gay.6783112/page-3,gay
https://forums.hardwarezone.com.sg/threads/uh-no-sg-1-gay-forum-no-money-maintaining-forum-maybe-gone-4ever-pls-support.6761441/,gay
https://forums.hardwarezone.com.sg/threads/are-the-men-that-ladyboys-in-jav-gay.6443769/,gay
https://forums.hardwarezone.com.sg/threads/why-in-sg-most-gay-are-uncle-or-old-ppl.6579689/,gay
https://forums.hardwarezone.com.sg/threads/tw-allow-gay-couple-to-adopt-little-girl.6673115/,gay
https://forums.hardwarezone.com.sg/threads/how-do-you-ensure-that-your-children-dont-turn-out-gay.6941815/,gay
https://forums.hardwarezone.com.sg/threads/is-it-possible-for-a-straight-guy-to-suddenly-become-gay.6724047/,gay
https://forums.hardwarezone.com.sg/threads/have-u-heard-of-a-gay-seduce-a-married-man-with-wife-and-kid-before.6798846/page-2,gay
https://forums.hardwarezone.com.sg/threads/do-you-think-it-is-dangerous-for-a-gay-to-adopt-a-son.6480840/page-6,gay
https://forums.hardwarezone.com.sg/threads/can-you-tell-if-someone-is-gay-or-a-lesbian.6898384/page-2,gay
https://forums.hardwarezone.com.sg/threads/chao-gay-lou-come-in-can-i-check-is-the-clementi-toilet-legend-true-or-csb.6664699/,gay
https://forums.hardwarezone.com.sg/threads/two-gay-edmwers-dating.6650170/,gay
https://forums.hardwarezone.com.sg/threads/why-married-men-liao-can-become-gay-one-kena-wat.6664481/,gay
https://forums.hardwarezone.com.sg/threads/my-guide-to-spotting-gays-in-public.6647744/page-2,gay
https://forums.hardwarezone.com.sg/threads/edmw-gays-can-i-ask-can-gay-switch-top-n-bottom-one.6448503/,gay
https://forums.hardwarezone.com.sg/threads/how-come-now-safra-so-dangerous-safra-become-blowing-wind-forum-gay-hotspot.6763506/page-2,gay
https://forums.hardwarezone.com.sg/threads/when-you-see-gay-couples-or-guys-holding-hands-do-you-cringe.6972637/page-2,gay
https://forums.hardwarezone.com.sg/threads/is-it-gay-and-straight-guys-have-diff-taste-in-woman.6950641/,gay
https://forums.hardwarezone.com.sg/threads/gpgt-taiwan-actor-thinks-elvin-ng-is-gay-saga-in-the-making.6496471/,gay
https://forums.hardwarezone.com.sg/threads/when-you-see-gay-couples-or-guys-holding-hands-do-you-cringe.6972637/page-3,gay
https://forums.hardwarezone.com.sg/threads/st-is-it-ok-for-gay-teachers-to-come-out-in-class.6856255/page-4,gay
https://forums.hardwarezone.com.sg/threads/what-are-the-brands-gay-like-to-wear.6497934/,gay
https://forums.hardwarezone.com.sg/threads/do-you-think-it-is-dangerous-for-a-gay-to-adopt-a-son.6480840/,gay
https://forums.hardwarezone.com.sg/threads/how-does-edmw-feel-treat-gays-or-even-gay-members-here.6726675/,gay
https://forums.hardwarezone.com.sg/threads/top-gun-is-a-gay-story.6837815/,gay
https://forums.hardwarezone.com.sg/threads/i-have-a-colonoscopy-next-wednesday-need-advice-from-gay-bros-here.6435246/page-3,gay
https://forums.hardwarezone.com.sg/threads/how-does-edmw-feel-treat-gays-or-even-gay-members-here.6726675/page-5,gay
https://forums.hardwarezone.com.sg/threads/have-u-ever-accidentally-discover-that-someone-was-gay-or-kana-discovered.6636039/page-3,gay
https://forums.hardwarezone.com.sg/threads/knn-gay-porn-ad-pop-out-on-youtube-some-amdk-stroking-his-wee-wee.6548608/page-4,gay
https://forums.hardwarezone.com.sg/threads/gpgt-chw-jin-muscle-siol.6406081/page-2,gay
https://forums.hardwarezone.com.sg/threads/uh-no-sg-1-gay-forum-no-money-maintaining-forum-maybe-gone-4ever-pls-support.6761441/page-2,gay
https://forums.hardwarezone.com.sg/threads/when-interviewing-how-to-find-out-if-the-person-is-gay.6679181/,gay
https://forums.hardwarezone.com.sg/threads/have-you-ever-wondered-why-youre-gay.6757851/,gay
https://forums.hardwarezone.com.sg/threads/has-the-number-of-gays-increased-in-recent-years.6536939/,gay
https://forums.hardwarezone.com.sg/threads/when-you-see-gay-couples-or-guys-holding-hands-do-you-cringe.6972637/,gay
https://forums.hardwarezone.com.sg/threads/if-singapore-wants-to-retain-and-attract-gay-talent-she-has-no-choice-but-to-make-her-society-more-lgbt-friendly.6929947/,gay
https://forums.hardwarezone.com.sg/threads/got-this-taiwan-actor-acted-as-gay-in-a-few-shows-act-until-quite-convincing.6998317/,gay
https://forums.hardwarezone.com.sg/threads/need-to-fine-cna-for-showing-gay-kiss.6692312/,gay
https://forums.hardwarezone.com.sg/threads/no-girl-want-me-even-gay-boy-avoid-me-how-like-that.6659698/,gay
https://forums.hardwarezone.com.sg/threads/lgbt-party-canceled-due-to-singapore-management-being-uncomfortable-with-gay-event.6894916/page-2,gay
https://forums.hardwarezone.com.sg/threads/gaydar-guys-mistaken-to-be-gay-but-actually-straight-and-married.6609144/,gay
https://forums.hardwarezone.com.sg/threads/why-so-many-weird-gay-people-in-sg.6911363/,gay
https://forums.hardwarezone.com.sg/threads/tan-kin-lian-says-being-gay-is-natural.6942045/page-3,gay
https://forums.hardwarezone.com.sg/threads/how-i-dealt-with-homophobia-in-ns-university-as-a-gay-singaporean.6997852/page-2,gay
https://forums.hardwarezone.com.sg/posts/128689093/,gay
